{
  "dataset": {
    "train_samples": 7767,
    "test_samples": 3162,
    "train_subjects": 21,
    "test_subjects": 9
  },
  "target_definition": "Real UCI postural-transition labels grouped into ergonomic posture states.",
  "models": {
    "gradient_boosting": {
      "accuracy": 0.9965211891208097,
      "macro_f1": 0.969172593474072,
      "classification_report": {
        "dynamic_gait": {
          "precision": 0.9978417266187051,
          "recall": 1.0,
          "f1-score": 0.9989196975153043,
          "support": 1387.0
        },
        "floor_transfer_transition": {
          "precision": 0.9846153846153847,
          "recall": 0.9624060150375939,
          "f1-score": 0.973384030418251,
          "support": 133.0
        },
        "sit_stand_transition": {
          "precision": 0.9354838709677419,
          "recall": 0.8787878787878788,
          "f1-score": 0.90625,
          "support": 33.0
        },
        "static_posture": {
          "precision": 0.9975170701427685,
          "recall": 0.9987569919204475,
          "f1-score": 0.9981366459627329,
          "support": 1609.0
        },
        "accuracy": 0.9965211891208097,
        "macro avg": {
          "precision": 0.97886451308615,
          "recall": 0.95998772143648,
          "f1-score": 0.969172593474072,
          "support": 3162.0
        },
        "weighted avg": {
          "precision": 0.9964694037241113,
          "recall": 0.9965211891208097,
          "f1-score": 0.996480015766411,
          "support": 3162.0
        }
      }
    },
    "knn": {
      "accuracy": 0.9917773561037319,
      "macro_f1": 0.9396861906753912,
      "classification_report": {
        "dynamic_gait": {
          "precision": 0.9885958660014256,
          "recall": 1.0,
          "f1-score": 0.9942652329749104,
          "support": 1387.0
        },
        "floor_transfer_transition": {
          "precision": 0.9915966386554622,
          "recall": 0.8872180451127819,
          "f1-score": 0.9365079365079365,
          "support": 133.0
        },
        "sit_stand_transition": {
          "precision": 0.84375,
          "recall": 0.8181818181818182,
          "f1-score": 0.8307692307692308,
          "support": 33.0
        },
        "static_posture": {
          "precision": 0.9975124378109452,
          "recall": 0.9968924798011187,
          "f1-score": 0.9972023624494871,
          "support": 1609.0
        },
        "accuracy": 0.9917773561037319,
        "macro avg": {
          "precision": 0.9553637356169582,
          "recall": 0.9255730857739297,
          "f1-score": 0.9396861906753912,
          "support": 3162.0
        },
        "weighted avg": {
          "precision": 0.9917476538655803,
          "recall": 0.9917773561037319,
          "f1-score": 0.9916241048350304,
          "support": 3162.0
        }
      }
    }
  },
  "best_model": "gradient_boosting"
}